filename,actual_amount,predicted_amount,amount_correct,actual_merchant,predicted_merchant,merchant_correct
X00016469670.jpg,193.0,193.0,True,OJC MARKETING SDN BHD,"tan chay yee, KINGS SAFETY SHOES KWD 805",False
X00016469671.jpg,170.0,170.0,True,OJC MARKETING SDN BHD,"tan chay yee, NO 2 & 4, JALAN BAYU 4,, Date",False
X51005200931.jpg,436.2,436.2,True,PERNIAGAAN ZHENG HUI,"PERNIAGAN ZHENG HUI, SR SISTEETEL BOW SPICЛЫҚ, SR SISTEE LEOW",False
X51005230605.jpg,4.9,,False,PETRON BKT LANJAN SB,,False
X51005230616.jpg,38.9,,False,GERBANG ALAF RESTAURANTS SDN BHD,"190, Level 6, Bangunan TH, Damansara, Selangor",False
X51005230621.jpg,7.3,6.69,True,SIN LIANHAP SDN BHD,"SUN LIANHAD SON GHD, TAX INVOICE, GARDEN",False
X51005230648.jpg,6.35,2901201844040.0,False,CROSS CHANNEL NETWORK SDN. BHD.,CROSS CHANNEL NETWORK SDN. BHD.,True
X51005230657.jpg,7.95,103359.0,False,CROSS CHANNEL NETWORK SDN. BHD.,"CROSS CHANNEL NETWORK SDN. BHD., Qty RM Tax, CABLE CLIPS @",True
X51005230659.jpg,8.0,8.0,True,SWC ENTERPRISE SDN BHD,"SWC ENTERPRISE SDN BHD, No. 5-7, Jalan Mahagoni, Sekysen 4, Bandar Utama, 44300",True
X51005268275.jpg,278.8,,False,LIGHTROOM GALLERY SDN BHD,,False
X51005268408.jpg,169.8,160.17,False,99 SPEED MART S/B,"LOT P.T. 2811, JALAN ANGSA,, PEDIASURE COMPLETE S35, 2709 ZING HEING OAT & WHEAT",False
X51005288570.jpg,1.0,,False,SECURE PARKING CORPORATION S/B,"Batu 3, Jalan",False
X51005301666.jpg,278.8,,False,LIGHTROOM GALLERY SDN BHD,,False
X51005337867.jpg,30.25,0.0,False,OLD TOWN KOPITAM SND BHD,"OLDTOWN WHITE COFFEE, BR10 Stm Ginger R, TF2 (H) Teh Tarik",False
X51005337877.jpg,53.0,53.0,True,UROKO JAPANESE CUISINE SDN BHD,"UROKO JAPANESE CUISINE SDN BHD, SECTION 17,, 46400 PETALING JAYA,",True
X51005361906.jpg,27.35,27.35,True,TED HENG STATIONERY & BOOKS,"TED HENG STATIONERYK & BOOKS, = FAQLE F4 200 FOOLSCAP BOOK, =AGLE F4 120 NUMBERING FOOLSCAP",False
X51005361908.jpg,127.2,,False,TEO HENG STATIONERY & BOOKS,,False
X51005361912.jpg,1.05,,False,TEO HENG STATIONERY & BOOKS,,False
X51005361923.jpg,4.2,46.0,False,SWC ENTERPRISE SDN BHD,"SWC ENTERPRISES SDN BHD, Pusat Mtagg Ijak Pernai,, TAX INVOICE",False
X51005365187.jpg,31.9,30.68,False,F&P PHARMACY,"F&P PHARMACY, GST Reg NO, Cashier F&P",True
X51005433518.jpg,8.2,,False,UNIHAKKA INTERNATIONAL SDN BHD,,False
X51005433543.jpg,8.2,520.0,False,UNIHAKKA INTERNATIONAL SDN BHD,UNIHAKAKA INTERNATICNAL SON BHD,False
X51005433548.jpg,33.8,33.8,True,PASAR MINI JIN SENG,"PASH MINT JIN SENG, TEUR TAU TAUKSEN, GLT.STEINED POR ZARGI KING",False
X51005433556.jpg,49.7,50.0,True,YHM AEON TEBRAU CITY,"WRW Aeon Tehrau City, S177, Second Floor., Aeon Tehrau City,",False
X51005442322.jpg,269.4,269.4,True,GRAND COMPANIONS SDN BHD,"RES TAURANT, TONY ROAN'S ACUEN CITY, TR 1",False
X51005442334.jpg,8.2,,False,UNIHAKKA INTERNATIONAL SDN BHD,,False
X51005442343.jpg,72.0,67.92,False,YONG TAT HARDWARE TRADING,YONG TAT HARDWARE TRADING,True
X51005442366.jpg,22.6,22.6,True,TRIPLE SIX POINT ENTERPRISE 666,"Triple Six Point Enterprise 666, OTY TEMP, VS FUJI500ml",True
X51005442375.jpg,8.5,56.5,False,UNIHAKKA INTERNATIONAL SDN BHD,"UNIHAKKA INTERNATIONAL SON PHD, SRIO",False
X51005442382.jpg,6.6,,False,UNIHAKKA INTERNATIONAL SDN BHD,,False
