filename,actual_amount,actual_category,actual_merchant
X00016469670.jpg,193.0,other,OJC MARKETING SDN BHD
X00016469671.jpg,170.0,other,OJC MARKETING SDN BHD
X51005200931.jpg,436.2,other,PERNIAGAAN ZHENG HUI
X51005230605.jpg,4.9,other,PETRON BKT LANJAN SB
X51005230616.jpg,38.9,other,GERBANG ALAF RESTAURANTS SDN BHD
X51005230621.jpg,7.3,other,SIN LIANHAP SDN BHD
X51005230648.jpg,6.35,other,CROSS CHANNEL NETWORK SDN. BHD.
X51005230657.jpg,7.95,other,CROSS CHANNEL NETWORK SDN. BHD.
X51005230659.jpg,8.0,other,SWC ENTERPRISE SDN BHD
X51005268275.jpg,278.8,other,LIGHTROOM GALLERY SDN BHD
X51005268408.jpg,169.8,other,99 SPEED MART S/B
X51005288570.jpg,1.0,other,SECURE PARKING CORPORATION S/B
X51005301666.jpg,278.8,other,LIGHTROOM GALLERY SDN BHD
X51005337867.jpg,30.25,other,OLD TOWN KOPITAM SND BHD
X51005337877.jpg,53.0,other,UROKO JAPANESE CUISINE SDN BHD
X51005361906.jpg,27.35,other,TED HENG STATIONERY & BOOKS
X51005361908.jpg,127.2,other,TEO HENG STATIONERY & BOOKS
X51005361912.jpg,1.05,other,TEO HENG STATIONERY & BOOKS
X51005361923.jpg,4.2,other,SWC ENTERPRISE SDN BHD
X51005365187.jpg,31.9,other,F&P PHARMACY
X51005433518.jpg,8.2,other,UNIHAKKA INTERNATIONAL SDN BHD
X51005433543.jpg,8.2,other,UNIHAKKA INTERNATIONAL SDN BHD
X51005433548.jpg,33.8,other,PASAR MINI JIN SENG
X51005433556.jpg,49.7,other,YHM AEON TEBRAU CITY
X51005442322.jpg,269.4,other,GRAND COMPANIONS SDN BHD
X51005442334.jpg,8.2,other,UNIHAKKA INTERNATIONAL SDN BHD
X51005442343.jpg,72.0,other,YONG TAT HARDWARE TRADING
X51005442366.jpg,22.6,other,TRIPLE SIX POINT ENTERPRISE 666
X51005442375.jpg,8.5,other,UNIHAKKA INTERNATIONAL SDN BHD
X51005442382.jpg,6.6,other,UNIHAKKA INTERNATIONAL SDN BHD
X51005442388.jpg,21.6,other,CONTENTO
X51005444040.jpg,133.7,other,BENS INDEPENDENT GROCER SDN. BHD
X51005444041.jpg,81.0,other,BENS INDEPENDENT GROCER SDN. BHD
X51005444044.jpg,5.35,other,99 SPEED MART S/B
X51005444046.jpg,66.15,other,STAR GROCER SDN BHD
X51005447841.jpg,10.4,other,PASARAYA BORONG PINTAR SDN BHD
X51005447842.jpg,0.9,other,PASARAYA BORONG PINTAR SDN BHD
X51005447844.jpg,110.0,other,RESTAURANT JIAWEI JIAWEI HOUSE
X51005447851.jpg,1.7,other,PASARAYA BORONG PINTAR SDN BHD
X51005447859.jpg,1.45,other,PASARAYA BORONG PINTAR SDN BHD
X51005568855.jpg,140.65,other,POPULAR BOOK CO. (M) SDN BHD
X51005568866.jpg,5.05,other,POPULAR BOOK CO. (M) SDN BHD
X51005568885.jpg,56.0,other,EVERGREEN LIGHT SDN BHD
X51005568887.jpg,7.2,other,HON HWA HARDWARE TRADING
X51005568889.jpg,19.6,other,HON HWA HARDWARE TRADING
X51005568890.jpg,5.0,other,HON HWA HARDWARE TRADING
X51005568892.jpg,26.0,other,EVERGREEN LIGHT SDN BHD
X51005568894.jpg,46.65,other,VIVOPAC MARKETING SDN BHD
X51005568895.jpg,52.45,other,VIVOPAC MARKETING SDN BHD
X51005577191.jpg,10.0,other,FY EAGLE ENTERPRISE
X51005582745.jpg,150.0,other,MODERN DEPOT SDN BHD
X51005587261.jpg,30.0,other,CHOP YEW LIAN
X51005605287.jpg,12.25,other,AEON CO. (M) BHD
X51005605295.jpg,5.15,other,ECONSAVE CASH & CARRY (FC) S/B
X51005605332.jpg,7.95,other,POPULAR BOOK CO. (M) SDN BHD
X51005621482.jpg,13.4,other,PREMIO STATIONERY SDN BHD
X51005663274.jpg,10.5,other,LIM SENG THO HARDWARE TRADING
X51005663300.jpg,7.0,other,LIM SENG THO HARDWARE TRADING
X51005663307.jpg,56.8,other,LA STATIONERY SDN BHD
X51005663309.jpg,5.3,other,KOH SENG HARDWARE
X51005663310.jpg,8.4,other,LIM SENG THO HARDWARE TRADING
X51005663323.jpg,848.0,other,KOH SENG HARDWARE
X51005675099.jpg,132.5,other,SUPER TERMINAL SDN BHD
X51005675103.jpg,100.17,other,SYARIKAT PERNIAGAAN GIN KEE
X51005675104.jpg,190.8,other,SYARIKAT PERNIAGAAN GIN KEE
X51005675914.jpg,67.85,other,BEYOND BROTHERS HARDWARE
X51005676534.jpg,72.08,other,SYARIKAT PERNIAGAAN GIN KEE
X51005676535.jpg,89.04,other,SYARIKAT PERNIAGAAN GIN KEE
X51005676537.jpg,94.34,other,SYARIKAT PERNIAGAAN GIN KEE
X51005676542.jpg,10.6,other,SYARIKAT PERNIAGAAN GIN KEE
X51005676548.jpg,11.13,other,SYARIKAT PERNIAGAAN GIN KEE
X51005677327.jpg,36.04,other,SYARIKAT PERNIAGAAN GIN KEE
X51005677333.jpg,101.76,other,SYARIKAT PERNIAGAAN GIN KEE
X51005677336.jpg,22.26,other,SYARIKAT PERNIAGAAN GIN KEE
X51005677337.jpg,94.13,other,SYARIKAT PERNIAGAAN GIN KEE
X510056849111.jpg,7.42,other,WESTERN EASTERN STATIONERY SDN. BHD
X51005684949.jpg,7.42,other,WESTERN EASTERN STATIONERY SDN. BHD
X51005705727.jpg,38.15,other,KEDAI BUKU NEW ACHEIVERS
X51005705729.jpg,94.6,other,ASO ELECTRICAL TRADING SDN BHD
X51005705784.jpg,48.0,other,KEDAI BUKU NEW ACHEIVERS
X51005710963.jpg,7.4,other,TS TOOLS HARDWARE & MACHINERY SDN BHD
X51005711402.jpg,9.6,other,RESTORAN WAN SHENG
X51005711443.jpg,6.7,other,RESTORAN WAN SHENG
X51005711444.jpg,4.8,other,RESTORAN WAN SHENG
X51005711446.jpg,7.2,other,RESTORAN WAN SHENG
X51005711449.jpg,4.8,other,RESTORAN WAN SHENG
X51005715007.jpg,18.7,other,KAISON FURNISHING SDN BHD
X51005715455.jpg,10.6,other,99 SPEED MART S/B
X51005719823.jpg,46.2,other,AA PHARMACY
X51005719855.jpg,181.55,other,CPI ROCKU SDN. BHD.
X51005719857.jpg,23.8,other,ALI BABA INTERNATIONAL SDN BHD
X51005719863.jpg,77.4,other,SEN LEE HEONG RESTAURANT
X51005719888.jpg,39.8,other,POTTERS GARDEN SDN BHD
X51005719889.jpg,42.0,other,HENG KEE DELIGHTS BAK KUT TEH.
X51005719895.jpg,34.8,other,GREEN LANE PHARMACY SDN BHD
X51005719898.jpg,11.9,other,MR. D. I. Y. (KUCHAI) SDN BHD
X51005719903.jpg,8.5,other,GERBANG ALAF RESTAURANTS SDN BHD
X51005719905.jpg,8.2,other,SAINT HEART PASTRY
X51005724552.jpg,68.9,other,KEDAI PAPAN YEW CHUAN
X51005724611.jpg,144.16,other,KEDAI PAPAN YEW CHUAN
X51005724622.jpg,91.16,other,KEDAI PAPAN YEW CHUAN
X51005724623.jpg,312.7,other,KEDA PAPAN YEW CHJAN
X51005724624.jpg,135.68,other,KEDAI PAPAN YEW CHUAN
X51005724625.jpg,283.55,other,KEDAI PAPAN YEW CHUAN
X51005724626.jpg,270.3,other,KEDAI PAPAN YEW CHUAN
X51005724628.jpg,84.8,other,KEDAI PAPAN YEW CHUAN
X51005741929.jpg,5.5,other,MY MYDIN SDN BHD
X51005742110.jpg,65.7,other,YONG CEN ENTERPRISE
X51005745213.jpg,7.0,other,MUN HENG ELECTRICAL & HARDWARE SUPPLY
X51005745244.jpg,11.9,other,URBAN IDEA SDN BHD
X51005745298.jpg,4.0,other,99 SPEED MART S/B
X51005746203.jpg,408.45,other,SUPER SEVEN CASH & CARRY SDN BHD
X51005746204.jpg,308.7,other,BEMED (SP) SDN BHD.
X51005746206.jpg,105.0,other,PANA JAYA ENTERPRISE
X51005746207.jpg,18.3,other,SUPER SEVEN CASH & CARRY SDN BHD
X51005746210.jpg,145.1,other,SEGI CASH & CARRY SDN. BHD.
X51005749904.jpg,4.0,other,SWC ENTERPRISE SDN BHD
X51005757233.jpg,9.95,other,GUARDIAN HEALTH AND BEAUTY SDN BHD
X51005757282.jpg,24.5,other,TSH POWER HARDWARE TRADING
X51005757292.jpg,6.6,other,MR. D.I.Y. (M) SDN BHD
X51005757308.jpg,21.5,other,MR. D.I.Y. (M) SDN BHD
X51005757342.jpg,6.2,other,MR. D.I.Y. (M) SDN BHD
X51005763958.jpg,59.0,other,SUPER SEVEN CASH & CARRY SDN BHD
X51005763964.jpg,65.7,other,YONG CEN ENTERPRISE
X51005763999.jpg,674.0,other,SEGI CASH & CARRY SDN. BHD.
X51005764031.jpg,42.1,other,SUPER SEVEN CASH & CARRY SDN BHD
X51005764154.jpg,205.5,other,PANA JAYA ENTERPRISE
X51005764161.jpg,98.9,other,99 SPEED MART S/B
X51005806692.jpg,367.3,other,GREAT ZONE HOUSEHOLD CENTRE SDN BHD
X51005806695.jpg,4.1,other,SAYANG YOU STATION SDN BHD
X51005806696.jpg,7.2,other,IMAGE PRINTEC (M) SDN BHD
X51005806718.jpg,40.8,other,HUGO TRADING SDN BHD
X51005806719.jpg,63.0,other,SATU KAMPUNG ENTERPRISE SDN BHD
X51005806720.jpg,20.0,other,SATU KAMPUNG ENTERPRISE SDN BHD
X51006008081.jpg,226.6,other,PRINT EXPERT SDN BHD
X51006008082.jpg,204.2,other,PRINT EXPERT SDN BHD
X51006008083.jpg,119.55,other,PRINT EXPERT SDN BHD
X51006008090.jpg,30.5,other,POPULAR BOOK CO. (M) SDN BHD
X51006008092.jpg,30.7,other,POPULAR BOOK CO. (M) SDN BHD
X51006008093.jpg,12.15,other,POPULAR BOOK CO. (M) SDN BHD
X51006008105.jpg,65.1,other,AEON CO. (M) BHD
X51006008166.jpg,750.0,other,FLORISM DE ART
X51006008206.jpg,63.9,other,DEWINA HOST SDN BHD
X51006248253.jpg,15.0,other,DREAM ARTS
X51006311714.jpg,22.45,other,GUARDIAN HEALTH AND BEAUTY SDN BHD
X51006327953.jpg,68.9,other,MEI LET RESTAURANT
X51006327960.jpg,9.9,other,KING'S CONFECTIONERY S/B
X51006328345.jpg,7.2,other,KING'S CONFECTIONERY S/B
X51006328937.jpg,12.15,other,OLIVE9 PHARMACY SDN BHD
X51006328967.jpg,62.0,other,TANJONGMAS BOOKCENTRE (PJ) SDN BHD
X51006329183.jpg,27.0,other,SEMBOYAN TEGAS SDN BHD
X51006329388.jpg,165.0,other,BEMED (SP) SDN. BHD.
X51006332641.jpg,19.1,other,YONG CEN ENTERPRISE
X51006334139.jpg,90.0,other,FIVE STAR CASH & CARRY
X51006334742.jpg,167.55,other,THE CUT STEAKHOUSE &BURGERS
X51006334766.jpg,59.35,other,MEI LET RESTAURANT
X51006334770.jpg,1.4,other,S&Y STATIONERY
X51006334819.jpg,203.0,other,BEMED (SP) SDN. BHD.
X51006334927.jpg,6.4,other,BIRU PETROLEUM
X51006335818.jpg,27.0,other,SEGI CASH & CARRY SDN.BHD
X51006349081.jpg,84.8,other,C W KHOO HARDWARE SDN BHD
X51006349083.jpg,46.25,other,CHA FOR TEA
X51006349085.jpg,23.0,other,PLATINUM RACKING SDN BHD
X51006350737.jpg,14.65,other,C W KHOO HARDWARE SDN BHD
X51006387660.jpg,4.3,other,TANJONGMAS BOOKCENTRE (PJ) SDN BHD
X51006387737.jpg,165.0,other,BEMED (SP) SDN. BHD.
X51006387931.jpg,3.0,other,AMANO MALAYSIA SDN BHD
X51006387950.jpg,1.0,other,AMANO MALAYSIA SDN BHD
X51006387973.jpg,47.15,other,GERBANG ALAF RESTAURANTS SDN BHD
X51006388068.jpg,83.55,other,SEGI CASH & CARRY SDN. BHD.
X51006388081.jpg,27.5,other,KING'S CONFECTIONERY S/B
X51006388089.jpg,108.0,other,YONG CEN ENTERPRISE
X51006389894.jpg,70.0,other,KING'S CONFECTIONERY S/B
X51006389898.jpg,164.4,other,RESTORAN WAN SHE
X51006392167.jpg,23.8,other,ANEKA INTERTRADE MARKETING SDN BHD
X51006401845.jpg,26.9,other,BUY SELL TRADE SDN. BHD.
X51006401853.jpg,37.45,other,99 SPEED MART S/B
X51006401977.jpg,14.85,other,B & BEST RESTAURANT
X51006414425.jpg,6.9,other,UNIHAKKA INTERNATIONAL SDN BHD
X51006414427.jpg,7.6,other,UNIHAKKA INTERNATIONAL SDN BHD
X51006414433.jpg,7.6,other,UNIHAKKA INTERNATIONAL SDN BHD
X51006414512.jpg,50.0,other,BHPETROL PERMAS JAYA 2
X51006414532.jpg,98.0,other,FREEDOM OPTIMUM SDN BHD
X51006414593.jpg,8.9,other,UNIHAKKA INTERNATIONAL SDN BHD
X51006414600.jpg,50.9,other,AEON CO. (M) SDN BHD
X51006414702.jpg,157.9,other,TRIPLE SIX POINT ENTERPRISE 666
X51006414708.jpg,91.5,other,RESTORAN HWA MUI SUTERA SDN BHD
X51006414715.jpg,41.81,other,SECRET RECIPE RESTAURANT
X51006414717.jpg,24.1,other,AEON CO. (M) BHD
X51006414728.jpg,13.0,other,FOODELICO SDN. BHD.
X51006438346.jpg,95.48,other,HIGH FIVE ENTERPRISE
X51006466070.jpg,42.88,other,WESTERN EASTERN STATIONERY SDN. BHD
X51006502534.jpg,5.8,other,MAXINCOME RESOURCES SDN BHD
X51006502540.jpg,109.05,other,GERBANG ALAF RESTAURANTS SDN BHD
X51006554841.jpg,9.0,other,NSK TRADE CITY-SELAYANG
X51006555819.jpg,26.58,other,GARDENIA BAKERIES (KL) SDN BHD
X51006555833.jpg,1.52,other,GARDENIA BAKERIES (KL) SDN BHD
X51006555835.jpg,37.9,other,GARDENIA BAKERIES (KL) SDN BHD
X51006556610.jpg,393.0,other,PINGHWAI TRADING SDN BHD
X51006556648.jpg,55.14,other,GARDENIA BAKERIES (KL) SDN BHD
X51006556654.jpg,6.42,other,GARDENIA BAKERIES (KL) SDN BHD
X51006556657.jpg,59.31,other,GARDENIA BAKERIES (KL) SDN BHD
X51006556658.jpg,32.13,other,GARDENIA BAKERIES (KL) SDN BHD
X51006556723.jpg,5.09,other,GARDENIA BAKERIES (KL) SDN BHD
X51006556728.jpg,60.26,other,GARDENIA BAKERIES (KL) SDN BHD
X51006556734.jpg,32.46,other,GARDENIA BAKERIES (KL) SDN BHD
X51006556740.jpg,23.35,other,GARDENIA BAKERIES (KL) SDN BHD
X51006556806.jpg,14.47,other,GARDENIA BAKERIES (KL) SDN BHD
X51006556808.jpg,79.26,other,GARDENIA BAKERIES (KL) SDN BHD
X51006556809.jpg,43.36,other,GARDENIA BAKERIES (KL) SDN BHD
X51006556810.jpg,23.02,other,GARDENIA BAKERIES (KL) SDN BHD
X51006556812.jpg,25.84,other,GARDENIA BAKERIES (KL) SDN BHD
X51006556821.jpg,48.57,other,GARDENIA BAKERIES (KL) SDN BHD
X51006556826.jpg,28.98,other,GARDENIA BAKERIES (KL) SDN BHD
X51006556827.jpg,53.96,other,GARDENIA BAKERIES (KL) SDN BHD
X51006556829.jpg,38.55,other,GARDENIA BAKERIES (KL) SDN BHD
X51006556851.jpg,84.78,other,GARDENIA BAKERIES (KL) SDN BHD
X51006556865.jpg,62.82,other,GARDENIA BAKERIES (KL) SDN BHD
X51006557115.jpg,35.58,other,GARDENIA BAKERIES (KL) SDN BHD
X51006557169.jpg,5.0,other,GARDENIA BAKERIES (KL) SDN BHD
X51006557173.jpg,32.26,other,GARDENIA BAKERIES (KL) SDN BHD
X51006557187.jpg,42.25,other,GARDENIA BAKERIES (KL) SDN BHD
X51006557194.jpg,39.77,other,GARDENIA BAKERIES (KL) SDN BHD
X51006557196.jpg,27.1,other,GARDENIA BAKERIES (KL) SDN BHD
X51006557208.jpg,32.12,other,GARDENIA BAKERIES (KL) SDN BHD
X51006557209.jpg,33.84,other,GARDENIA BAKERIES (KL) SDN BHD
X51006557507.jpg,35.88,other,GARDENIA BAKERIES (KL) SDN BHD
X51006619328.jpg,5.4,other,YIN MA (M) SDN.BHD.
X51006619338.jpg,262.2,other,99 SPEED MART S/B
X51006619346.jpg,96.9,other,MR. D.I.Y. (M) SDN BHD
X51006619503.jpg,8.0,other,KEDAI UBAT & RUNCIT HONG NING SDN. BHD.
X51006619506.jpg,25.55,other,KEDAI UBAT & RUNCIT HONG NING SDN. BHD.
X51006619507.jpg,14.7,other,GOLDEN ARCHES RESTAURANTS SDN BHD
X51006619509.jpg,15.8,other,GUDANG HASIL RESTAURANT SDN BHD
X51006619564.jpg,85.45,other,99 SPEED MART S/B
X51006619567.jpg,676.0,other,KEDAI UBAT & RUNCIT HONG NING SDN. BHD.
X51006619569.jpg,26.4,other,MR. D.I.Y. (KUCHAI) SDN BHD
X51006619570.jpg,30.9,other,MR. D.I.Y. (M) SDN BHD
X51006619700.jpg,8.1,other,MR. D.I.Y. (KUCHAI) SDN BHD
X51006619703.jpg,7.0,other,MR. D.I.Y. (KUCHAI) SDN BHD
X51006619704.jpg,32.8,other,MR. D.I.Y. (M) SDN BHD
X51006619757.jpg,71.6,other,99 SPEED MART S/B
X51006619760.jpg,29.1,other,KEDAI UBAT & RUNCIT HONG NING SDN. BHD.
X51006619764.jpg,34.4,other,MR. D.I.Y. (KUCHAI) SDN BHD
X51006619766.jpg,59.2,other,MR. D.I.Y. (M) SDN BHD
X51006619779.jpg,7.95,other,YAM FRESH
X51006619784.jpg,399.0,other,SECURITY & OA TRADING
X51006619790.jpg,14.5,other,YIN MA (M) SDN.BHD.
X51006619842.jpg,32.7,other,YIN MA (M) SDN.BHD.
X51006619863.jpg,2.1,other,99 SPEED MART S/B
X51006619869.jpg,23.2,other,MONSIEUR ( M ) SDN. BHD.
X51006620175.jpg,26.7,other,MR. D.I.Y. (M) SDN BHD
X51006620182.jpg,78.5,other,PACIFIC ASIAN FOOD DELIGHTS S/B
X51006620192.jpg,8.8,other,MONSIEUR ( M ) SDN. BHD.
X51006620437.jpg,14.2,other,99 SPEED MART S/B
X51006647933.jpg,83.0,other,RESTORAN HOETIM
X51006647984.jpg,64.5,other,KECHARA VEGETARIAN RESTAURANT S/B
X51006733495.jpg,14.2,other,99 SPEED MART S/B
X51006828199.jpg,36.96,other,PU TIEN (M) SDN BHD
X51006828200.jpg,21.6,other,YHM MID VALLEY
X51006828201.jpg,39.7,other,THE COFFEE BEAN & TEA LEAF (M) SDN. BHD.
X51006856982.jpg,108.21,other,GUARDIAN HEALTH AND BEAUTY SDN BHD
X51006857126.jpg,28.8,other,SKL DAMANSARA ENTERPRISE
X51006857132.jpg,23.8,other,AEON CO. (M) BHD
X51006857137.jpg,3.3,other,99 SPEED MART S/B
X51006857540.jpg,270.1,other,BECON ENTERPRISE SDN BHD
X51006912959.jpg,10.9,other,ROYALTEA
X51006912976.jpg,71.1,other,THE TOAST F&B SDN BHD
X51006912998.jpg,50.0,other,BHPETROL PERMAS JAYA 2
X51006913018.jpg,458.55,other,AEON CO. (M) BHD
X51006913032.jpg,12.2,other,UNIHAKKA INTERNATIONAL SDN BHD
X51006913060.jpg,8.2,other,UNIHAKKA INTERNATIONAL SDN BHD
X51006913061.jpg,9.2,other,UNIHAKKA INTERNATIONAL SDN BHD
X51007103597.jpg,10.0,other,GOLDEN KEY MAKER
X51007103610.jpg,5.0,other,MR. D.I.Y. (M) SDN BHD
X51007103649.jpg,48.9,other,MR. D.I.Y. (M) SDN BHD
X51007103668.jpg,27.2,other,MR. D.I.Y. (M) SDN BHD
X51007103687.jpg,1.9,other,MR. D.I.Y. (M) SDN BHD
X51007225406.jpg,24.9,other,UNIPHARM PHARMACY
X51007231274.jpg,7.3,other,UNIHAKKA INTERNATIONAL SDN BHD
X51007231275.jpg,6.6,other,UNIHAKKA INTERNATIONAL SDN BHD
X51007231276.jpg,8.2,other,UNIHAKKA INTERNATIONAL SDN BHD
X51007231331.jpg,7.8,other,UNIHAKKA INTERNATIONAL SDN BHD
X51007231341.jpg,8.2,other,UNIHAKKA INTERNATIONAL SDN BHD
X51007231343.jpg,6.6,other,UNIHAKKA INTERNATIONAL SDN BHD
X51007231346.jpg,60.0,other,DE JELITA STESEN MINYAK
X51007231364.jpg,32.25,other,GERBANG ALAF RESTAURANTS SDN BHD
X51007231372.jpg,38.35,other,GLOBAL FOOD EMPIRE SDN BHD
X51007339105.jpg,3.3,other,SANYU STATIONERY SHOP
X51007339109.jpg,8.7,other,SANYU STATIONERY SHOP
X51007339116.jpg,21.9,other,SANYU STATIONERY SHOP
X51007339119.jpg,2.0,other,SANYU STATIONERY SHOP
X51007339121.jpg,8.7,other,SANYU STATIONERY SHOP
X51007339122.jpg,8.7,other,SANYU STATIONERY SHOP
X51007339125.jpg,8.7,other,SANYU STATIONERY SHOP
X51007339127.jpg,3.0,other,SANYU STATIONERY SHOP
X51007339134.jpg,8.7,other,SANYU STATIONERY SHOP
X51007339159.jpg,8.7,other,SANYU STATIONERY SHOP
X51007339160.jpg,3.9,other,SANYU STATIONERY SHOP
X51007339161.jpg,2.3,other,SANYU STATIONERY SHOP
X51007339163.jpg,10.9,other,SANYU STATIONERY SHOP
X51007339638.jpg,28.0,other,AIK HUAT HARDWARE ENTERPRISE (SETIA ALAM) SDN BHD
X51007391390.jpg,3.0,other,SUPER NINETY NINE SDN.BHD.
X51007433809.jpg,190.0,other,SYARIKAT KAM LAI SEONG SDN BHD
X51007579714.jpg,61.7,other,PELITA SAMUDRA PERTAMA (M) SDN BHD.
X51007579719.jpg,20.7,other,SOUP & PORRIDGE
X51007579725.jpg,58.7,other,THONG RECIPE
X51007846266.jpg,8.75,other,UNIHAKKA INTERNATIONAL SDN BHD
X51007846268.jpg,10.35,other,UNIHAKKA INTERNATIONAL SDN BHD
X51007846282.jpg,16.2,other,MOONLIGHT CAKE HOUSE SDN BHD
X51007846283.jpg,147.45,other,AEON CO. (M) BHD
X51007846288.jpg,7.25,other,UNIHAKKA INTERNATIONAL SDN BHD
X51007846289.jpg,15.0,other,MOONLIGHT CAKE HOUSE SDN BHD
X51007846290.jpg,8.2,other,UNIHAKKA INTERNATIONAL SDN BHD
X51007846303.jpg,6.7,other,UNIHAKKA INTERNATIONAL SDN BHD
X51007846304.jpg,7.5,other,UNIHAKKA INTERNATIONAL SDN BHD
X51007846310.jpg,28.2,other,MOONLIGHT CAKE HOUSE SDN BHD
X51007846321.jpg,103.85,other,CHEF HENRY RIBS HOUSE
X51007846355.jpg,8.95,other,AEON CO. (M) BHD
X51007846358.jpg,28.0,other,EXQUISITE GARDEN SDN BHD
X51007846360.jpg,46.2,other,IKANO HANDEL SDN BHD
X51007846361.jpg,102.4,other,118 MJ MOOKATA HOUSE
X51007846371.jpg,8.85,other,UNIHAKKA INTERNATIONAL SDN BHD
X51007846372.jpg,10.15,other,UNIHAKKA INTERNATIONAL SDN BHD
X51007846379.jpg,79.45,other,AEON CO. (M) BHD
X51007846387.jpg,9.3,other,BOOK TALK (MUTIARA RINI) SDN BHD
X51007846392.jpg,8.45,other,UNIHAKKA INTERNATIONAL SDN BHD
X51007846396.jpg,7.35,other,GERBANG ALAF RESTAURANTS SDN BHD
X51007846397.jpg,7.7,other,UNIHAKKA INTERANTIONAL SDN BHD
X51007846400.jpg,152.9,other,KOREAN DINE SDN BHD
X51007846403.jpg,13.1,other,ROYALTEA
X51008030561.jpg,17.6,other,RESTORAN WAN SHENG
X51008030563.jpg,6.0,other,RESTORAN WAN SHENG
X51008042779.jpg,7.6,other,RESTORAN WAN SHENG
X51008042780.jpg,7.2,other,RESTORAN WAN SHENG
X51008042781.jpg,1.9,other,RESTORAN WAN SHENG
X51008042786.jpg,19.0,other,GERBANG ALAF RESTAURANTS SDN BHD
X51008042787.jpg,412.9,other,VEG FISH FARM THAI RESTAURANT S/B
X51008099047.jpg,4.6,other,RESTORAN WAN SHENG
X51008099086.jpg,7.2,other,RESTORAN WAN SHENG
X51008099088.jpg,2.3,other,RESTORAN WAN SHENG
X51008099090.jpg,4.8,other,RESTORAN WAN SHENG
X51008099100.jpg,46.9,other,PAPPARICH BMC
X51009008095.jpg,31.8,other,BOON SENG PAPER SDN BHD
X51009447842.jpg,0.9,other,PASARAYA BORONG PINTAR SDN BHD
X51009453729.jpg,79.5,other,LIAN HING STATIONERY SDN BHD
X51009568881.jpg,10.4,other,HON HWA HARDWARE TRADING
